{"cameraMode":{"drawMode":0,"name":"Shaded","section":"Shading Mode"},"sceneLighting":false,"audioPlay":false,"sceneViewState":{"m_AlwaysRefresh":false,"showFog":true,"showSkybox":false,"showFlares":true,"showImageEffects":true,"showParticleSystems":true,"showVisualEffectGraphs":true,"m_FxEnabled":true},"in2DMode":false,"pivot":{"x":-0.00013256072998046875,"y":0.9284058809280396,"z":-0.042890191078186038},"rotation":{"x":-0.03929722309112549,"y":0.011088775470852852,"z":-0.0004358292790129781,"w":-0.9991676211357117},"size":1.5842018127441407,"orthographic":false}